"a'ishaaaberg48,30,a'ishaaaberg48@yahoo.com",72
"a'ishahaabid54,30,a'ishahaabid54@outlook.com",22
"a-jayaaby47,25,a-jayaaby47@yahoo.com",13
"aa'ishaaachal33,28,aa'ishaaachal33@gmail.com",209
"aa'ishahaadesh41,36,aa'ishahaadesh41@gmail.com",60
"aabanaadil43,28,aabanaadil43@outlook.com",51
"aabasaadish66,24,aabasaadish66@gmail.com",196
"aabhaaadland67,29,aabhaaadland67@yahoo.com",4
"aabiaaafreen83,22,aabiaaafreen83@yahoo.com",153
"aabidaafrin69,31,aabidaafrin69@gmail.com",113
"aabidahaaftab69,27,aabidahaaftab69@yahoo.com",168
"aabidammaraagaard87,22,aabidammaraagaard87@yahoo.com",78
"aabiraagand89,32,aabiraagand89@outlook.com",52
"aabriellaaahim89,31,aabriellaaahim89@outlook.com",86
"aachalaajiv76,34,aachalaajiv76@gmail.com",186
