"a'ishaaaberg48,30,a'ishaaaberg48@yahoo.com"
"a'ishahaabid54,30,a'ishahaabid54@outlook.com"
"a-jayaaby47,25,a-jayaaby47@yahoo.com"
"aa'ishaaachal33,28,aa'ishaaachal33@gmail.com"
"aa'ishahaadesh41,36,aa'ishahaadesh41@gmail.com"
"aabanaadil43,28,aabanaadil43@outlook.com"
"aabasaadish66,24,aabasaadish66@gmail.com"
"aabhaaadland67,29,aabhaaadland67@yahoo.com"
"aabiaaafreen83,22,aabiaaafreen83@yahoo.com"
"aabidaafrin69,31,aabidaafrin69@gmail.com"
"aabidahaaftab69,27,aabidahaaftab69@yahoo.com"
"aabidammaraagaard87,22,aabidammaraagaard87@yahoo.com"
"aabiraagand89,32,aabiraagand89@outlook.com"
"aabriellaaahim89,31,aabriellaaahim89@outlook.com"
"aachalaajiv76,34,aachalaajiv76@gmail.com"
